step,total_steps,stage,loss,erase_loss,style_loss,content_loss,image_loss,preserve_loss,adapter_norm,adapter_delta_norm,adapter_update_norm,target_shift
1,400,1,0.004945786669850001,0.004931365469625,1.6147926279093848e-06,6.703454497862064e-06,6.860975493812778e-06,1.197659927735609e-05,0.014003267511725,5.547597538679838e-06,6.957424920983614e-05,1.171022177004488e-05
2,400,1,0.001610367908142,0.001598289411049,2.257566838655596e-07,5.427138603408821e-06,5.202907535325115e-06,1.6184206591181763e-05,0.014003767631947,9.097969268623274e-06,0.00011591330985500002,8.725909538043197e-06
3,400,1,0.007302693091332001,0.007289951822410001,8.826871903030072e-07,5.81813151256938e-06,6.221652862829312e-06,1.2296415055364681e-05,0.014004453085362,1.1866090972034721e-05,0.00015674746828100002,9.32459624891635e-06
4,400,1,0.0015470664948220002,0.0015348732995330001,1.839540251088086e-06,5.339427540699641e-06,4.915704190959029e-06,1.2012778521845272e-05,0.014005347155034,1.4452958566835152e-05,0.000198973415535,7.211945103335893e-06
5,400,1,0.002260552253574,0.0022472958468520003,2.78646957951878e-07,6.568526184006866e-06,6.729766482749255e-06,1.2628725774751121e-05,0.014006361365318002,1.688752672635018e-05,0.00024150297394900003,1.3155332453607113e-05
6,400,1,0.0026100017130370004,0.0025968466846580003,5.448289499554448e-07,5.962473854500179e-06,5.621147920464864e-06,1.5332503001748894e-05,0.014007611200213,1.925603282870724e-05,0.00028608989669000003,1.1489093594718721e-05
7,400,1,0.00151180231478,0.001498475787229,2.232787878142517e-06,5.8607298948724455e-06,5.674857069000912e-06,1.1405232119917251e-05,0.014009048230946002,2.1581854525720704e-05,0.000331971707055,9.415271051693708e-06
8,400,1,2.374942414462566e-05,9.990358194045257e-06,1.1289933018095619e-07,6.628250351544314e-06,6.83857918678162e-06,1.4421992697558983e-05,0.014010439626872002,2.3691090973443355e-05,0.00037301477277600005,1.077636443369556e-05
9,400,1,3.394239320186898e-05,1.57738304551458e-05,3.385438536914383e-08,9.470149961998686e-06,9.581346906391749e-06,1.5006579208905652e-05,0.014011703431606001,2.556376421125605e-05,0.00040824158350000005,1.831915506045334e-05
10,400,1,0.000820345303509,0.0008056265069170001,1.052507549559322e-06,6.678450669520923e-06,6.894757158685631e-06,1.5037998309708202e-05,0.014013134874403001,2.7376891011954282e-05,0.00044448513654000006,1.3024853615206661e-05
11,400,1,0.0018450705101710002,0.0018256439264700002,4.122267161695466e-06,8.533609464696687e-06,7.615778334487307e-06,1.550691922602709e-05,0.014014812186360002,2.9228700441308323e-05,0.00048365435213700003,1.710956348688341e-05
12,400,1,0.001525124418549,0.0015096381927520001,9.221592875974238e-07,7.613604035820269e-06,7.47147608611461e-06,1.3260780936737621e-05,0.014016720466315,3.108568489551544e-05,0.000525380077306,1.319567218160955e-05
13,400,1,0.002027399372309,0.001982926420168,5.189994567444955e-07,2.3449696830842484e-05,2.4317368267171943e-05,3.0668654593076404e-05,0.014018810354173001,3.2881787774385884e-05,0.0005676707951350001,5.508773392648437e-05
14,400,1,0.002753390464931,0.0027343377296340002,1.374918694452276e-07,9.791689005093454e-06,9.598556213556245e-06,1.784551113814814e-05,0.014021216891705001,3.4794211387634284e-05,0.0006135822623030001,2.326075991732068e-05
15,400,1,0.001964726485311,0.001946120348293,1.130754223292266e-06,9.388362438282153e-06,9.082856953076165e-06,1.5485108936748773e-05,0.014023951254785002,3.682219539768994e-05,0.0006625552196050001,2.348219277337193e-05
16,400,1,4.809663369087503e-05,2.1059987678502992e-05,1.409292416099106e-07,1.4711363595173072e-05,1.4564371213054981e-05,1.951593306633488e-05,0.014026426710188,3.86235915357247e-05,0.0007046965183690001,3.0155928470776413e-05
17,400,1,0.0007386326906270001,0.0007205764462310001,3.55342057408355e-07,8.78558194017387e-06,8.943736247601919e-06,1.7758304238668643e-05,0.014029077254235,4.042844011564739e-05,0.0007473518489850001,2.796248372760601e-05
18,400,1,0.004537833854556,0.0043874518208510006,3.443017083289608e-07,8.416670516453452e-05,7.845182123370857e-05,9.216494830373753e-05,0.014031607657670002,4.2007941374322406e-05,0.000785845913924,0.00021143411868200003
19,400,1,0.00236942875199,0.0023370809891880002,1.275216613786748e-06,1.7855678985749062e-05,1.8333584042314513e-05,1.6704325692747563e-05,0.014034559018909001,4.373865886009299e-05,0.0008283334900620001,5.658288137055934e-05
20,400,1,0.002491729566827,0.00246636061153,1.975873082926682e-07,1.3608506530241963e-05,1.3749519136278343e-05,1.8770835595205423e-05,0.014037853106856001,4.563595211948269e-05,0.000874415447469,7.355422712862492e-05
21,400,1,0.002672574250027,0.002643952301392,4.024085033194069e-06,1.287473833144758e-05,1.2697969395958351e-05,2.3924765931345363e-05,0.014041502960026,4.767460632137955e-05,0.0009232594748020001,5.871863686479629e-05
22,400,1,0.004724422469735001,0.0044765590185600005,4.6344659191769694e-07,0.00013820307807,0.00012633497620600002,0.000157054302083,0.014045086689293001,4.9575181037653244e-05,0.0009691712912170001,0.000313538330374
23,400,1,0.0031574238091700004,0.0029221881413830004,2.146109897201616e-07,0.000128493288987,0.000128652690667,0.000143639271603,0.014048166573047001,5.1252412959001965e-05,0.0010073431767520001,0.000306828587781
24,400,1,0.0016627075383430002,0.001631053979508,2.204012782650958e-07,1.7771870716387642e-05,1.6082586171251023e-05,2.225831728234576e-05,0.014051622711122001,5.3033971198601655e-05,0.001048319856636,5.223715561442078e-05
25,400,1,0.003339034272357,0.003305966170349,4.480485197670229e-06,1.513383085693931e-05,1.569815761589173e-05,2.5230846404156185e-05,0.014055668376386,5.503807187778876e-05,0.0010946304537350002,8.882710244506599e-05
26,400,1,0.000468672456918,0.000179093431749,1.7651849522811358e-07,0.00017595919659100002,0.00017695464218,8.740169869270177e-05,0.014057802967727,5.625483390758746e-05,0.0011181554291390002,0.000471385137643
27,400,1,0.0052456120029090005,0.005197699259345,3.1031594242373712e-06,2.4405181951199964e-05,2.366144144616555e-05,3.42059799246878e-05,0.014060687273740002,5.772506483481265e-05,0.0011491520563140002,9.196167229674758e-05
28,400,1,0.00842912774533,0.008373066239679,5.871003820582625e-06,2.798867217279621e-05,2.6924349640466975e-05,3.5876153560820974e-05,0.014064422808587001,5.946020246483386e-05,0.0011883373372250001,0.000134417306981
29,400,1,0.0017709571402510001,0.001738674473017,1.956288554631295e-06,1.570013743427504e-05,1.5304767960818325e-05,2.8430801648937635e-05,0.014068269170820002,6.121466867625713e-05,0.0012276812922200001,5.7913046475732706e-05
30,400,1,0.001734543824568,0.0017029960047990002,6.923655095173822e-07,1.4769751336037492e-05,1.481073347046428e-05,3.2831991423639316e-05,0.014072323217988,6.301057146629319e-05,0.0012680477229870001,7.058402115944773e-05
31,400,1,0.0034880812745540003,0.0034377864503760003,4.284126561060475e-06,2.374994710407918e-05,2.5372595700901005e-05,3.873412000151196e-05,0.014076860621571001,6.493426189990714e-05,0.0013119535287840001,0.00010891296551500001
32,400,1,0.0055782082490620005,0.005497018263364,2.552709640705567e-06,4.812112274521497e-05,4.057564001413993e-05,3.991478297393769e-05,0.014081955887377002,6.701394158881158e-05,0.001359937828965,0.00010023187496600001
33,400,1,0.001238187542185,0.001200886006699,4.6396432888210854e-07,1.9685287801015264e-05,1.7958534651067264e-05,3.1537317227048334e-05,0.014087106101214001,6.90682209096849e-05,0.0014069889439260002,8.112468640320003e-05
34,400,1,0.0014701817417510001,0.001419842267447,8.115730866601703e-07,2.6198731878442533e-05,2.49498675657378e-05,4.06374911108287e-05,0.014092178083956,7.104753603925928e-05,0.0014520658878600001,0.000130699540022
35,400,1,0.002586720045655,0.0023385326688480004,1.4152784365191922e-06,0.00015704845069800002,0.000158899985763,3.9803691227765135e-05,0.014097302220761,7.296571129700169e-05,0.0014962730929250002,0.0005141856381660001
36,400,1,0.0021138733718540003,0.0020684702321880004,4.008541906112366e-06,2.2574258158177443e-05,2.2215343506104542e-05,3.2977030969050254e-05,0.014102742075920001,7.494450255762786e-05,0.0015419934643430002,0.00015262029774
37,400,1,0.003669327124953,0.003622214775532,7.635460412084664e-08,2.4586156844937552e-05,2.4968723664642315e-05,3.8486923585878685e-05,0.014108982868492001,7.71386330598034e-05,0.001592975924722,0.000215630279853
38,400,1,0.0012328770244490002,0.0011938195190540001,2.563234839196108e-07,2.0667739894027662e-05,2.0822063258189402e-05,2.9072262198800065e-05,0.014115191064774001,7.927056140033528e-05,0.001642287243157,8.735468873055653e-05
39,400,1,0.001370379002764,0.001308536079401,4.854614464496384e-07,3.3239209036158484e-05,3.0698877708346124e-05,4.839780225059562e-05,0.01412143278867,8.136687392834574e-05,0.001690631266683,0.00016459774633400002
40,400,1,0.0019058251054950002,0.001841758261434,3.954756759109538e-07,3.2552828997722834e-05,3.2671642657078344e-05,5.597443820685536e-05,0.014127988368272,8.35034006740898e-05,0.0017400621436530002,0.000214067520573
41,400,1,0.002504652598872,0.0024363146609780004,3.752494620812285e-06,3.4211284855700796e-05,3.22028270905624e-05,5.75599005969707e-05,0.014134920202195,8.569793135393412e-05,0.0017909692833200002,0.00019115624309
42,400,1,0.0018991162069140002,0.0018357805286840002,5.801187015208598e-07,2.9223539968370463e-05,3.3214432429910325e-05,6.418154165051723e-05,0.014141873456537002,8.78338541951962e-05,0.0018407033057880001,0.00017924621351900002
43,400,1,0.00148291082587,0.0014208804107810002,1.350753147259335e-06,3.1586154970379234e-05,3.2096544600790367e-05,5.1819465928322955e-05,0.014149112626910001,9.002184378914536e-05,0.001891225110739,0.00037902456824600005
44,400,1,0.002155469264835,0.002072431117994,1.527589854314707e-06,4.59160540534261e-05,4.6462412380302944e-05,4.718066278049567e-05,0.014156688936054,9.225227404385806e-05,0.001942816539667,0.000289680814603
45,400,1,0.0022223279811440003,0.0021468382522770004,5.878060467997178e-07,4.1712541133165366e-05,4.2031173506984494e-05,4.5560397362957396e-05,0.014164640568196002,9.454074461245911e-05,0.0019955937750630003,0.000215233128983
46,400,1,0.011570372618734,0.011005751905031001,1.081931221354655e-06,0.000340963927252,0.00032618886810500004,0.000205023639864,0.014173923991620001,9.718169894767926e-05,0.0020558582618830003,0.001205899054184
47,400,1,0.0014792209258300002,0.0014156071702010001,8.310038741576875e-07,2.795612666280552e-05,2.8440157620934773e-05,7.562021346529946e-05,0.014183158986270001,9.977410809369759e-05,0.002114273142069,0.00023828729172200002
48,400,1,0.001998427556827,0.001934857379334,1.170782752524246e-06,2.8899886577467743e-05,2.759437605467004e-05,7.493177478560635e-05,0.014192461036145002,0.000102335769042,0.002171692671254,0.000208680488867
49,400,1,0.0025919259060170003,0.0019226770964450002,3.7894074959391816e-07,0.00035703349931200004,0.00038561465044000004,0.00040456081721100003,0.014198909513652,0.00010409848619000001,0.002210449427366,0.000999543117359
50,400,1,0.001017359783872,0.0009490425873080001,1.5050508087218382e-06,3.6878750809895194e-05,3.5185701866187934e-05,4.929711819083119e-05,0.014205369167029,0.00010584705159900001,0.00224868627265,0.00032721622847000005
51,400,1,0.00215313816443,0.002024040479833,5.511050342003424e-07,6.853657456910393e-05,6.829420938932648e-05,9.613342020505418e-05,0.014212358742952002,0.00010772274254100001,0.002289245370775,0.0007751249941060001
52,400,1,0.0006237782072270001,0.000546789427365,6.589477313430809e-07,4.179331093231062e-05,3.8080797518584106e-05,6.209703527323047e-05,0.014218973927199001,0.00010948650742600001,0.0023270330857480003,0.00029393899603700005
53,400,1,0.0008188470383170001,0.000748752014866,1.080817746412776e-07,3.54024720460681e-05,3.3986842026934034e-05,6.550091651054876e-05,0.014225332997739001,0.000111172703327,0.002362831728532,0.000268798787146
54,400,1,0.00037553932634100005,0.00014401566841100002,1.6262165214442337e-07,0.000141804519444,0.000146748245242,6.506147474283352e-05,0.014229943044483,0.00011244215420400001,0.002388348802924,0.000273099256446
55,400,1,0.00155271787662,0.0014752697121970001,2.839160373468985e-07,3.5598709625143485e-05,3.5205546131085924e-05,8.78623398724206e-05,0.014234718866646002,0.00011374352470700002,0.0024145627394310002,0.00028698821552
56,400,1,0.0005919362884010001,0.000523163524727,7.801858335672781e-07,3.0688484002894256e-05,2.9721025384787932e-05,8.484224902834589e-05,0.014239273034036002,0.00011498257663300001,0.002439335221424,0.000273973564617
57,400,1,0.00198287400417,0.0018990063496550002,6.341568590251256e-06,4.33618764266915e-05,4.0038626745323804e-05,5.5785277557636924e-05,0.014244191348552001,0.000116297342174,0.002465951256453,0.00040670268936
58,400,1,0.001350545790046,0.001275336525092,6.050731696423858e-07,3.1805017291238385e-05,3.3530270078093366e-05,9.45849727334765e-05,0.014249151572585002,0.00011761814675900001,0.0024925603065630002,0.000405713915824
59,400,1,0.0029605210293080003,0.0028216511515590003,1.844351444901804e-07,7.403162999253254e-05,7.580620391915242e-05,9.933671329539115e-05,0.014255219139158,0.000119180891488,0.0025247745215890003,0.001210669986903
60,400,1,0.001204480999149,0.001088512663651,9.687163876985019e-07,5.5118110443193785e-05,5.775071319173245e-05,0.000113549484619,0.014261261560022002,0.000120734657684,0.0025564813986420003,0.000629741814918
61,400,1,0.001498693483881,0.0014189039357000001,4.051530974417498e-07,4.083214541121075e-05,4.0323930534214014e-05,7.022209926314342e-05,0.0142672220245,0.00012225846876300002,0.002587432507425,0.000327770831063
62,400,1,0.001669845660217,0.0015766257808230001,6.834022390952063e-07,3.9410838629313126e-05,3.8013491575839e-05,0.00012244706582900002,0.014273458160459001,0.000123833568068,0.0026194881647820002,0.0005770572461180001
63,400,1,0.0015499206492670002,0.001466329403532,9.869771465294737e-07,4.293354489467068e-05,4.1683982241617436e-05,7.038364825954585e-05,0.014279850758612002,0.00012544391211100002,0.002652068156749,0.0006368813337750001
64,400,1,0.0030424434226000003,0.0029516327194860003,9.370500606564747e-07,4.1931012674467645e-05,4.031639400636777e-05,0.000104081756944,0.014287127181887,0.00012723353574900002,0.002688688226044,0.0007884334772820001
65,400,1,0.0011645759223020001,0.0010806705395220001,3.985725148443937e-07,4.35397787441616e-05,4.344588827128368e-05,7.122230817913078e-05,0.014294209890067001,0.00012896160478700002,0.002723904093727,0.000302911037579
66,400,1,0.0013258175458750001,0.0012405825837040001,1.745345391176063e-07,3.6081754236268665e-05,4.097505749693179e-05,0.00010664702737500001,0.014301234856247002,0.00013066615792900002,0.002758409595116,0.000616105389781
67,400,1,0.001290778047405,0.0011765024003880002,2.664105474300034e-06,5.476836849993561e-05,4.6177508314334176e-05,0.00012939906688700002,0.014308106154203,0.000132327637402,0.002791812876239,0.000553156656678
68,400,1,0.0008975770324460001,0.0007910297620880001,3.03046175413139e-07,4.8774809329188436e-05,4.8048614795940615e-05,0.000125478526266,0.014314787462353,0.00013393646804600001,0.002823989605531,0.000416813738411
69,400,1,0.001106842188164,0.001004395734829,2.901835784996365e-07,3.897853457601741e-05,5.6504287385905634e-05,0.000123836788892,0.014321289025247002,0.000135485955979,0.002854984486475,0.000273249053861
70,400,1,0.0016868175007400002,0.001514790521468,8.09161376717308e-07,8.597003034083174e-05,8.20033201307524e-05,0.000157685151255,0.014328402467072001,0.000137173265102,0.0028884366620330003,0.0013712369836860001
71,400,1,0.001112128491513,0.001005413049521,3.990519796085816e-07,5.282189764936144e-05,4.8994405157524554e-05,0.000107518352403,0.014335542917251,0.000138861898449,0.0029216837137930004,0.000504509778693
72,400,1,0.00112876901403,0.000890970084583,2.186139269610976e-07,0.00013082103335600002,0.00013375593092200002,0.000144540280113,0.014342159032821001,0.00014042656403,0.002952153561636,0.000620697042904
73,400,1,0.0009782117558640002,0.0008213957723150001,1.7839478753482272e-07,8.297933345602361e-05,8.357654041901698e-05,0.00012032006634300001,0.014348316937685,0.00014188596105600001,0.002980235032737,0.001124340691603
74,400,1,0.001643575262278,0.001462486038993,1.371903374310553e-06,0.000106693556214,8.811876068648418e-05,0.00010888082276000001,0.014354596845805001,0.00014335833839100001,0.0030086850747460003,0.0009559602476650001
75,400,1,0.000596220139414,0.000495993241202,2.129181152869345e-07,5.0753050648684926e-05,5.233048735438692e-05,8.412902752752417e-05,0.014360249042510001,0.00014468934386900002,0.0030340603552750003,0.000308211107039
76,400,1,0.0008452723268410001,0.0007338837215980001,5.960961703503168e-07,5.557156115780041e-05,5.293318827170878e-05,0.000109858702974,0.014365875162184,0.000146006495924,0.0030591108370570004,0.000550849596038
77,400,1,0.000587140093557,0.00021174044377400003,4.7481034592955496e-07,0.00021596798251200002,0.00022783255796300002,0.000164431614393,0.014369172044098,0.000146823105751,0.0030736511107530002,0.00045008130837200004
78,400,1,0.005849828477948,0.005442959198262,1.1185119509112451e-06,0.00025432549637100004,0.000231017553232,0.00013647683105400002,0.014374754391610001,0.00014810873835800002,0.003098243148997,0.0011559659615150001
79,400,1,0.002023811917752,0.001854874581719,4.206360237901663e-08,9.307915631021994e-05,8.799798433756224e-05,0.00011914325902200001,0.014381501823663,0.000149649917148,0.003127770964056,0.001643499126657
80,400,1,0.001170823350548,0.0010724175857220002,4.2282204522810685e-07,5.031604086980223e-05,5.025493040496561e-05,8.404463490781684e-05,0.014388320036232001,0.000151203566929,0.003157363738864,0.000587134214583
81,400,1,0.00524234585464,0.0038525681399420005,1.064156805341554e-06,0.0008280481491350001,0.001048402846208,0.00013484807035000002,0.014394963160157,0.000152715831063,0.003186183515936,0.011198783293366
82,400,1,0.0017217651475220001,0.0015930339480590002,7.421966519890095e-07,6.63403739054047e-05,6.44480314804241e-05,0.000109606581342,0.014401734806597,0.00015425948367900002,0.0032153038773680004,0.000677337287925
83,400,1,0.0016448447713620002,0.001413562975358,3.712555312063159e-07,9.587476718782757e-05,9.119362099833476e-05,0.000317797115712,0.014408858492970002,0.000155878748046,0.0032456847839050004,0.001612486550584
84,400,1,0.0005356596666380001,0.00039672066971700005,2.736760459735403e-07,7.468376694911664e-05,7.064290427175972e-05,0.000107434258097,0.014415292069315001,0.000157347560161,0.0032728987280270004,0.0007387679070230001
85,400,1,0.00043484917841800006,0.000334266109954,2.700823221365074e-07,4.396020267449786e-05,4.086694783230391e-05,0.000138183719172,0.014421127736568002,0.00015869179333,0.003297387855127,0.00029280589660600004
86,400,1,0.0009608462569300001,0.000837602444031,6.683481856839535e-07,6.359549873498811e-05,6.028068825495817e-05,0.000108354223812,0.014427006244659,0.000160039431648,0.003321819007396,0.0006093919510020001
87,400,1,0.007269216701388001,0.005028443653524,5.952166309460457e-07,0.001330352689061,0.00137528120346,0.0007535914580020001,0.014428228139877002,0.00016032978601200002,0.0033271610736840002,0.004495705012232
88,400,1,0.001017973059788,0.000916491311121,5.3670093554577164e-08,4.464438431265686e-05,3.9449493669962976e-05,0.000139347771134,0.014430039562284001,0.00016076315660000002,0.0033349196892230003,0.000655871932394
89,400,1,0.001996445702388,0.0018294461187900002,1.254503317227317e-06,7.891473205745571e-05,8.124028408929007e-05,0.000170992988084,0.014432748779654002,0.00016140945081100002,0.0033462799619880003,0.00143058411777
90,400,1,0.0010680066188790002,0.000972757440952,2.402463389709434e-07,4.537932303113242e-05,4.249434975160208e-05,0.00010806538800000001,0.014435808174312002,0.00016212818445600002,0.003359062364324,0.0006924442132
91,400,1,0.0011686446378,0.001077457602756,5.214951575756762e-07,4.175951289653313e-05,3.7827475959299285e-05,0.000108313048561,0.014439428225159001,0.00016296558897000002,0.0033740983344610004,0.000515631574671
92,400,1,0.000828996417112,0.000672579107534,5.048616280589613e-08,6.83019619221644e-05,7.327008340022682e-05,0.00018775198623100002,0.014442898333072001,0.00016377380234100001,0.0033884216099970004,0.001048734644427
93,400,1,0.001148508512414,0.001041852917599,8.549514992258386e-07,5.254090926124869e-05,5.1834347535380715e-05,0.000105526874904,0.014446618966758001,0.000164638040587,0.003403672715649,0.0005915962392460001
94,400,1,0.0013472145656120002,0.0012066678658200001,3.174814793283076e-07,6.764557474525645e-05,6.772011723417867e-05,0.000146907477756,0.01445045415312,0.00016552595479800002,0.0034193308092650004,0.0006540734320870001
95,400,1,0.0016744236927470001,0.000654649144659,2.411908136915978e-07,0.0006488042757450001,0.000693711345472,8.938103504381918e-05,0.014451210387051001,0.000165761535754,0.003422465873882,0.0009456417174070001
96,400,1,0.00105745892506,0.0008914775341200001,3.259063774407877e-07,8.411255051517703e-05,8.264013134369938e-05,0.000151281001308,0.014452160336077002,0.000166039637406,0.0034263306297360003,0.001268279505893
97,400,1,0.0024624683428550002,0.002248095270867,5.037688097786486e-07,0.00011190616229800001,0.00010825869928000001,0.000171386908429,0.01445478759706,0.00016666899318800002,0.003436861792579,0.0020598138216880004
98,400,1,0.000746810634154,0.000642529237666,2.610070997851229e-07,4.936525298641451e-05,4.814749187668591e-05,0.00011190471802000002,0.014457535929977,0.000167321282788,0.003447863040491,0.000550809898413
99,400,1,0.00129520741757,0.00116615537748,1.741511269415241e-06,5.5331782884119704e-05,5.1291414517133184e-05,0.000168605402601,0.014460676349699001,0.00016804646293100002,0.003460397943854,0.0006366771413010001
100,400,1,0.008111713454127001,0.006758137024007,2.898069458486437e-07,0.000704393137615,0.000603840089752,0.001171415463128,0.014464724808931,0.00016894875443500002,0.0034764977172010002,0.004577713552862001
101,400,1,0.00098959764,0.000893618057792,2.462801778809383e-07,4.106776214030105e-05,3.9653198352122373e-05,0.00013847018938800001,0.014468965120613,0.00016990427684500001,0.00349329598248,0.0006337248487390001
102,400,1,0.001010247971862,0.0009110534398730001,4.5465376767121285e-07,4.519651489924096e-05,4.400011008935204e-05,0.00011723684777500001,0.014473436400294,0.00017090239271,0.0035109308082610004,0.000571113778278
103,400,1,0.009317235089838,0.008957578519281001,3.208898365395877e-06,0.00020342971371600002,0.00020782949377400002,0.000176793440308,0.014481546357274002,0.000172723230207,0.0035428421106180005,0.004808029159903001
104,400,1,0.0037514162249860004,0.003527779675399,6.302159931692586e-07,0.00013284371865,0.00011630895278300001,0.000122357824996,0.014491130597889002,0.000174870860064,0.0035800905898210004,0.001720116590149
105,400,1,0.000605656940024,0.000521942129125,6.745556095921756e-07,3.514507504102463e-05,3.1765530669266205e-05,0.00012101943624,0.014500084333121001,0.00017688916705,0.003614612156525,0.0005637629656120001
106,400,1,0.001078284345567,0.000973295769654,1.592054050073935e-07,5.776351736130892e-05,5.4332982775425385e-05,7.664629932454167e-05,0.014508689753711002,0.00017882796237200002,0.003647512290626,0.000771723687648
107,400,1,0.001018388778902,0.000875735141259,3.405210785937622e-07,6.833262280755056e-05,5.5576196245965555e-05,0.000175871365475,0.014516715891659001,0.00018063528113900003,0.003677954664453,0.00045610356028100006
108,400,1,0.0013299683341750001,0.0011884223155590001,7.931128038762836e-07,6.242240912494405e-05,6.447358949420352e-05,0.00016971643041500001,0.014524773694574002,0.000182439194759,0.0037082990165790003,0.0009145986987270001
109,400,1,0.000955342140514,0.000738610552313,2.25990139786821e-07,0.000131823174645,0.000118612423951,9.903188038151713e-05,0.014532247558236,0.00018411285418500002,0.0037362484727050003,0.0009904676117
110,400,1,0.0006978266173970001,0.000600240494046,4.6333611436466516e-07,4.769723212424046e-05,4.3485316079265125e-05,0.000103144611784,0.014539207331836002,0.00018566893413600002,0.0037621320225290004,0.0006580384215340001
111,400,1,0.0008024636772460001,0.0006902401704180001,3.499001953362797e-07,5.525601500266931e-05,5.196023812459317e-05,0.000118263384138,0.014545822516083001,0.00018714388716000002,0.0037865871563550002,0.0005585643812080001
112,400,1,0.0005053550703450001,0.000399510056013,2.373980123593355e-07,4.7112540717838186e-05,4.364502577421567e-05,0.00013773324584,0.014551837928593,0.00018848379841,0.003808708395808,0.000359951285645
113,400,1,0.007921856828033001,0.006858372789186,2.270727724370166e-07,0.0005424563181190001,0.000458387376662,0.0009836949830050001,0.014559445902705002,0.00019017123850000002,0.0038365451619020003,0.004321428015828
114,400,1,0.001026560086756,0.000891949772873,9.800247262603534e-07,5.6955944880125266e-05,5.38076916806555e-05,0.000179217284312,0.014566810801625002,0.00019180176605,0.0038633288349950003,0.000743709970265
115,400,1,0.0015238635241980002,0.0013925968281300002,1.7817559954854299e-06,6.008969285176135e-05,5.7975904079891435e-05,0.00014800557740500002,0.014574295841157001,0.000193445361219,0.0038903506938360003,0.0007490137941200001
116,400,1,0.011162846349179,0.010078472094998,1.264708512138668e-06,0.000697925999399,0.000672086539755,0.000177990491162,0.014585820958018001,0.00019604654517,0.003932006191462,0.01082460489124
117,400,1,0.0041629290208220005,0.001489913100764,1.7590111433355789e-06,0.0015722385336020001,0.0014832153877550002,0.001221808643701,0.014589683152735,0.000196983877685,0.003946389071643,0.0029983986169090002
118,400,1,0.0024643489159640003,0.002355781034566,1.540001297447209e-06,4.6441685602379344e-05,4.453239262147691e-05,0.000152436650751,0.01459479983896,0.00019816789426800003,0.003965027164667,0.0013423638883970001
119,400,1,0.0075412746518850006,0.003533460762506,1.751027648803453e-07,0.0025591389276080003,0.002476261108919,0.0007209798786780001,0.014592760242521001,0.00019774613610900002,0.003958566114306001,0.00917375087738
120,400,1,0.002444478916004,0.002328558359295,1.1186449692483311e-06,4.7125969407109856e-05,4.382822074452027e-05,0.00017174457752800002,0.014592265710234002,0.00019766984041700002,0.003957483917474,0.001046422170475
121,400,1,0.008775430731475001,0.007697051546225001,1.4524768232604401e-07,0.000635430794015,0.00048143247840900003,0.0006964613615610001,0.014594299718737,0.000198171546799,0.003965314477682,0.004706343635916
122,400,1,0.0010993659961960002,0.0009702919099550001,7.833653488849753e-07,5.7600193637578435e-05,5.389544367062627e-05,0.000163578884288,0.014596696943044002,0.00019875880389000003,0.003974372521042001,0.00070043222513
123,400,1,0.001028396538458,0.0008950583190500001,1.4631648544612588e-07,5.2250064375887944e-05,5.6355196041598304e-05,0.000189824061332,0.014599185436964,0.000199375193915,0.003983711823821,0.0008252148982130001
124,400,1,0.00041750597301800003,0.000337703046776,2.1030176592754888e-07,3.3152078685816384e-05,3.052099873457337e-05,0.00011868462631000001,0.014601525850594,0.00019997174968,0.003992461599409,0.00022271649504500003
125,400,1,0.00142154621426,0.0012689152499660002,4.864142226779222e-07,6.652175701068094e-05,6.79969452903606e-05,0.00018956720062600002,0.014604235067963002,0.00020063789270300002,0.004002411849796,0.001854233909398
126,400,1,0.0009173330618060001,0.00034710975887700004,5.929766259682445e-07,0.000344086005497,0.00035420485680000003,0.00017707690979700002,0.014605806209146002,0.000201073897187,0.004008356947451001,0.000614109914749
127,400,1,0.0005650328239420001,0.00047979817221200006,4.688107170617665e-07,3.621492245050225e-05,3.4690327690138176e-05,0.00012121889509800001,0.014607492834329001,0.000201530769118,0.004014660604298,0.00039340424700600005
128,400,1,0.001025302219204,0.000937226917206,1.450395017125553e-06,3.4934800169139635e-05,3.598537477955688e-05,0.000127773115309,0.014609267935156002,0.000202001392608,0.004021232947707,0.00042627606308000005
129,400,1,0.000902782718185,0.000338744927527,1.2234118710689282e-07,0.00034728150058000004,0.00035383267580300004,0.00014678017275000002,0.014609527774155001,0.00020216005214,0.004022431094199,0.000674978364259
130,400,1,0.00116292911116,0.001082595204934,1.865351594669088e-07,3.2237373792061895e-05,3.2031925608559206e-05,0.000119909028095,0.014610238373279,0.00020240439334800003,0.004025175701826001,0.00042827977449600005
131,400,1,0.000668522785417,0.000595575654491,8.259451054944597e-07,2.8859937022692364e-05,2.679882436495972e-05,0.00011583038697900001,0.014611243270337,0.00020270033564800003,0.00402892101556,0.000440697942394
132,400,1,0.001315025030635,0.0011818308654860002,2.393500150077443e-06,6.243686311790952e-05,5.9847449847438845e-05,0.00014900658122,0.014612561091780002,0.00020305583893700003,0.004033742006868,0.0007154409540810001
133,400,1,0.0008903812267810001,0.000788564788914,3.764519667844486e-07,3.99247166266529e-05,3.6970099245081656e-05,0.000157282961178,0.014614185318350001,0.000203457908355,0.0040395818650720006,0.0006392605719150001
134,400,1,0.0030347798019640005,0.001993193601568,2.85089988949494e-07,0.000542435736861,0.000610571315822,0.0006616417934610001,0.014614159241318002,0.00020342967764000003,0.004039653111249,0.001991231460124
135,400,1,0.001505452091805,0.0014122687668220002,1.491458583302574e-07,4.79344168221966e-05,4.5093430647587716e-05,8.750312190386468e-05,0.014614871703088,0.000203548421268,0.004042280837893,0.0007707081385880001
136,400,1,0.0008176263072520001,0.000311332167863,7.378536561001662e-07,0.00030881772060300004,0.000322356218627,0.00013125635814500002,0.014614523388445001,0.000203460615011,0.0040411707013840005,0.00036136838025400004
137,400,1,0.0014562109718090001,0.0012979780973780002,2.878923150243888e-07,7.85142104480959e-05,7.719094598238979e-05,0.00014723117419600002,0.014614920131862,0.00020352506544400002,0.004042612854391,0.0014665746130040002
138,400,1,0.0014156006509430002,0.0013238665317960002,1.089713776991629e-06,4.207364690955729e-05,3.781900280349267e-05,0.00011153513454000001,0.01461605541408,0.00020373793086,0.004046609159559,0.0009139433386730001
139,400,1,0.001004565623588,0.0009087033564960001,4.282725948693648e-07,4.681367499870249e-05,4.3872689578468765e-05,0.000100335333627,0.014617622829973,0.000204033000045,0.0040520806796840005,0.0005879291566080001
140,400,1,0.0008206983911800001,0.000313555370667,1.527836370011452e-06,0.00031919703421100004,0.000285228241409,0.000164327263822,0.014617810025811001,0.00020405430404900002,0.004052767530083001,0.0006226551486170001
141,400,1,0.00110984861385,0.0010216936934730001,5.554435441960474e-07,4.5552190082768604e-05,4.594391066348181e-05,7.362983463584291e-05,0.014618499204516001,0.00020417933410400002,0.004055182449519,0.0008473232737740001
142,400,1,0.001001195865683,0.0008980701968530001,1.084407543316956e-06,4.610976672362691e-05,4.949501908413368e-05,0.000118581915861,0.014619334600865001,0.000204336611204,0.004058098420500001,0.000479354523122
143,400,1,0.000426665414124,0.000346936363105,7.395933347235464e-07,3.640706836449681e-05,3.3136555127081614e-05,9.789770228962881e-05,0.014620133675634,0.00020448843133600002,0.004060873296111001,0.000308516260702
144,400,1,0.0047966353595250005,0.004229313936472,9.953196477378394e-07,0.000355910435852,0.000323871877602,0.000176891951317,0.014621528796851002,0.00020472321193600002,0.004065693821758001,0.002363786567002
145,400,1,0.001914408407174,0.0017627391304510002,9.754691040105476e-08,7.62301266756064e-05,7.193953418512442e-05,0.000153677538643,0.01462375652045,0.00020512079936400003,0.004073349758982,0.001587369362823
146,400,1,0.0008489764877590001,0.0007658024357320001,3.502055960780126e-07,3.5667677669456076e-05,3.063666402643624e-05,0.00011638832377900001,0.014626222662627001,0.00020556406525400002,0.004081810824573,0.00056943722302
147,400,1,0.0012490152148520001,0.0011068748135580001,6.615665360717079e-07,7.221165651571937e-05,6.1034728484325264e-05,0.00014021003820100002,0.014628744684159001,0.00020602520089500002,0.004090457689017,0.00072515849024
148,400,1,0.000590619980357,0.0005085012720270001,1.088916053622786e-08,3.5496762999779705e-05,3.1474974700055704e-05,0.00011865209974800001,0.014631135389208001,0.000206464770599,0.004098634235560001,0.00030122243333600003
149,400,1,0.0035931104794140003,0.0030918888611870003,1.5677013607273691e-06,0.00029042447719400004,0.000293246397632,0.00021771325070100002,0.014634369872510001,0.00020705199858600003,0.004109669942408,0.00223237928003
150,400,1,0.0020166300237170003,0.0018416397118320002,1.1882964893554039e-07,9.306688358871423e-05,8.189149836349922e-05,0.00014729984589600002,0.01463845744729,0.000207799486815,0.004123481456190001,0.001431864220649
151,400,1,0.0018486127955830002,0.0017436956210680002,6.065245846305819e-07,5.3356971572308495e-05,4.511322504185956e-05,0.000105000664916,0.014642930589616,0.000208634213777,0.004138577263802,0.0007789342780590001
152,400,1,0.002206311095505,0.002097269520163,1.599951141351141e-06,4.808409539691639e-05,4.206679477647412e-05,0.00014439923567500002,0.014648178592324002,0.00020962698908900002,0.004156197886914,0.00114832050167
153,400,1,0.0015883075539020002,0.001484293359681,9.859651584065432e-07,4.319323185579075e-05,4.3259921161128055e-05,0.000140148807986,0.014653610996901002,0.00021066723274900003,0.004174407571554,0.0007404924836
154,400,1,0.0012829354964190001,0.0011920896019240001,7.37708264845575e-08,3.6255226708211324e-05,3.587884990944683e-05,0.00012992743965300002,0.014659185893833,0.00021173743880300002,0.004193037748336,0.000805225805379
155,400,1,0.0013407557271420002,0.001240585464984,5.538652250910067e-07,4.7056198733722944e-05,4.796114262717311e-05,0.000106765130112,0.014665061607956002,0.000212862883927,0.004212601110339,0.0007424858631560001
156,400,1,0.001437211525626,0.0013137470620370002,1.248691669767746e-06,4.319482589683807e-05,4.2455762316725064e-05,0.00021092877917300003,0.014671057462692,0.00021401734557000002,0.0042325076647100005,0.0009650227730160001
157,400,1,0.0021405797451730002,0.00201164491591,4.6947074139325185e-07,5.814234054923873e-05,5.908744242333342e-05,0.00015279770620200002,0.014677501283586001,0.000215273103094,0.004253795370459001,0.0022738631814710002
158,400,1,0.0007371838437390001,0.00027821554734400004,2.107795687988911e-07,0.00027514216162600005,0.000288972740842,0.00014501575302900002,0.014681904576718,0.000216142376302,0.004268296062946,0.000542873342055
159,400,1,0.0006704200059170001,0.0005924320333480001,1.7428518953958392e-07,3.285851653345162e-05,2.9602916280661404e-05,0.00011311984174700001,0.014686058275401,0.00021696525800500002,0.004281939473003001,0.00031529105035500005
160,400,1,0.0007093819440340001,0.000630200331215,1.335823102503278e-07,3.456561686713636e-05,3.186356722532461e-05,0.00010748750355500001,0.014690087176859,0.000217770342715,0.004295136313885,0.000464205484604
161,400,1,0.006078088656067001,0.005385021601493001,2.48683110844657e-07,0.000352260593596,0.00024803195265100003,0.0007412362198610001,0.014695291407406,0.00021884519082900002,0.004312232602387001,0.003991184290498001
162,400,1,0.006500099319964,0.005849335963527,4.264054780378501e-07,0.00039314753060600005,0.00029768826182800004,0.00037400566119,0.014702205546200001,0.000220313086174,0.0043349247425790004,0.00373653974384
163,400,1,0.001358475186862,0.001258113227474,2.931228427390427e-07,4.929609667669866e-05,4.596625846412886e-05,0.00011131389146600001,0.014709173701703002,0.00022178767540000002,0.004357662051916,0.000725074205547
164,400,1,0.0010805097408590001,0.000965402073537,8.761567329429454e-07,5.165253636126484e-05,4.8044754597261395e-05,0.00014446069811400002,0.014716053381562,0.000223229901166,0.004380001686513001,0.0007131566526360001
165,400,1,0.0009085449855770001,0.000803073441299,2.3677548218377817e-07,4.44503421022091e-05,4.366612120065839e-05,0.000148101889863,0.014722667634487001,0.00022460971376800002,0.004401380661875,0.000542218564078
166,400,1,0.0011942614801220002,0.0010940010542980002,2.348621297443287e-08,4.367062228993745e-05,4.234784955770011e-05,0.000127481682284,0.014729061163961001,0.00022594143229,0.00442199781537,0.000562986650038
167,400,1,0.0005549225606950001,0.00046053161107300006,2.089354490901011e-07,3.4098932398289136e-05,3.108137116214493e-05,0.00017547500344000002,0.014734900556504001,0.00022715961677,0.004440755117684,0.000545133720152
168,400,1,0.0007663637516080001,0.000691984595808,1.767463162494209e-07,3.2290824037772836e-05,3.0671221187124814e-05,0.000105301329313,0.014740528538823001,0.000228327684453,0.004458754789084,0.000611449009738
169,400,1,0.0009904790204010002,0.0008611804466150001,4.1021477651762933e-07,5.455060666766561e-05,4.83961506082172e-05,0.00018504073523200001,0.014746117405593001,0.00022947556863000003,0.004476552829146,0.000977176474407
170,400,1,0.007166903000324001,0.005905956185112001,4.824477931227497e-07,0.0007050300579670001,0.000519752618856,0.001003714406882,0.014752687886357,0.00023080117534800002,0.0044973455369470006,0.003710899036377
171,400,1,0.0009329377207900001,0.000823577933867,3.936968286192647e-07,4.811749082970588e-05,4.2433912919174574e-05,0.000146736497602,0.014758989214897001,0.00023206445621300003,0.004517204128205,0.000633765012025
172,400,1,0.0017723318887870002,0.001631214283406,1.6504769684881165e-05,5.8916612336664314e-05,5.5296720499124305e-05,0.00015803224475,0.014765391126275002,0.00023334436991700002,0.004537291359156001,0.0010115886107080001
173,400,1,0.0007120994268910001,0.000641874765278,3.867896415007029e-07,2.6399273944358963e-05,2.5798938622756392e-05,0.00011964761264000001,0.014771420508623002,0.00023455190239400002,0.004556155297905,0.00039807058055800005
174,400,1,0.0007212042110040001,0.0006312596766890001,1.544922056950781e-07,2.6199557244884392e-05,2.56462247610519e-05,0.000186093692415,0.014777173288166,0.000235705971135,0.004574117716401,0.0005318548064670001
175,400,1,0.0012579177273430002,0.00110574173838,8.612399350719593e-07,6.526052311528474e-05,6.178898547659628e-05,0.00020150042413000002,0.014782809652388,0.00023683650942900002,0.004591658245772,0.0009547246154390001
176,400,1,0.0006278942455530001,0.000547868733216,8.674890802732684e-07,3.738318279526236e-05,3.5836969194254685e-05,9.094491421516676e-05,0.014788108877837,0.000237899992498,0.004608083050698,0.00043804489541700005
177,400,1,0.0030191834084680002,0.001750144952287,1.0639662898862901e-07,0.000590735818453,0.000596531096865,0.0012796868977600002,0.014791734516620001,0.00023856155166800003,0.004619291983544001,0.002290228847414
178,400,1,0.0008977307006710001,0.00033375258863000003,8.316193268835073e-07,0.00033701065452300004,0.00035599580345,0.000181838900365,0.01479392312467,0.000238943233853,0.004626031499356,0.000600289728026
179,400,1,0.0009340223623430001,0.0008339552587130001,2.769340265255475e-07,3.7659384058012314e-05,3.591820480626969e-05,0.000170711737155,0.014796240255236001,0.00023935764329500002,0.0046331514604380005,0.0005757985636590001
180,400,1,0.000878144288435,0.000340612687674,5.679608866178871e-07,0.000340413133623,0.00033931972575300005,0.00010647517531900001,0.014797088690102001,0.00023949341266400002,0.0046357247047120005,0.0006615632446480001
181,400,1,0.0037607443518930003,0.002108027848104,3.9226711242198076e-07,0.0010351548747460002,0.001033774007131,0.000348143483279,0.014795219525694,0.00023896574566600003,0.004629900678992,0.004394495859742001
182,400,1,0.001116734929382,0.0008563194811960001,2.0612357924202718e-07,0.00014572471385000002,0.00015749624314200002,0.000135930861385,0.014793572947382,0.000238502732827,0.004624774679541001,0.0007778247236270001
183,400,1,0.0008827235433270001,0.000802495371317,7.600081310954465e-07,2.9517440149599374e-05,2.73438111738263e-05,0.00013120590665400002,0.014792558737099,0.000238182867178,0.004621619824320001,0.0006961371982470001
184,400,1,0.0011082025012,0.0010104697818550002,6.804070877090376e-07,3.382032567363543e-05,3.260190351284109e-05,0.00018309649688700002,0.014791911467909001,0.00023796036839400002,0.004619603976607,0.000480453396448
185,400,1,0.001276163966394,0.001126606027052,2.2675441850121078e-07,7.154893016074008e-05,6.998397172234642e-05,0.000165797348017,0.014792039990425,0.00023789785336700002,0.00461997045204,0.0015263806562870001
186,400,1,0.00146559625864,0.0005690225540690001,1.336847847236792e-07,0.0005738548788940001,0.000582808638379,0.00011091872390000001,0.014790337532758002,0.000237501764786,0.0046147070825090005,0.001161056919954
187,400,1,0.000667879998218,0.00025293570191300003,1.1991324007828058e-07,0.00025443938648000004,0.000272088918184,9.503922168126641e-05,0.014787847176194002,0.000236961670452,0.004606978967785,0.0005611237720580001
188,400,1,0.001164159737527,0.00107120569252,3.143993675773042e-07,3.6298835160171926e-05,3.126895838552931e-05,0.000153690951265,0.014786248095333002,0.000236602310906,0.004602022003382,0.001016138703562
189,400,1,0.0011921444674950002,0.0010737309009220002,3.363386144409712e-07,5.7413310666258134e-05,5.228571626503254e-05,0.000120051417373,0.014785097911953001,0.00023635014076700002,0.004598474130034,0.000609167618677
190,400,1,0.000982917146757,0.0008993954009680001,1.6646499823025351e-07,3.9027149189981486e-05,3.719547627648959e-05,9.678006426838694e-05,0.014784438535571001,0.00023619731655300001,0.004596448503434001,0.000694544112775
191,400,1,0.001095459214411,0.00100878746889,4.031950524563399e-07,3.9015626953187166e-05,3.851766587104066e-05,0.00010394815581000001,0.014784567989408002,0.00023618957493400002,0.004596843384206,0.000857361243106
192,400,1,0.0004924944369120001,0.00018643206203700001,1.463312784721893e-06,0.000186569752865,0.00018383419349700001,0.000105897170215,0.014784072525799,0.00023606022296000003,0.004595310892909,0.00034615548793200004
193,400,1,0.0014071746263650002,0.0012931195281750002,1.596861134582165e-06,4.443578594267213e-05,4.512811059006103e-05,0.00017339829598,0.014784271828830001,0.000236072140978,0.004595928825438,0.0008143839077090001
194,400,1,0.0009136662119990001,0.000808256069528,1.329250909047156e-06,4.744089862166826e-05,3.860913739117677e-05,0.000140907207727,0.014784534461796001,0.00023610323842100002,0.004596732556819001,0.000344177591614
195,400,1,0.001292172353714,0.0012023327872150002,2.557649452228361e-07,4.202910531603265e-05,3.732333001001583e-05,0.00010997749268400001,0.014785286039113001,0.00023623263405100003,0.004599065054208,0.0007660646224390001
196,400,1,0.00074747391045,0.000293179783814,1.761334935679315e-07,0.000287869233337,0.00027407944313900004,0.00011031781104900001,0.014784940518438,0.000236147767282,0.004598007537424001,0.0006498827133320001
197,400,1,0.00112688250374,0.0010521001968290002,1.620141839945669e-07,3.2304956524361244e-05,3.0404470332238514e-05,0.00010763262980600001,0.014785422012209,0.00023621441505300002,0.004599506501108,0.0007878207834430001
198,400,1,0.0019073061412200002,0.001678265087927,3.574120673495902e-07,0.00012011164047400001,8.265494276808266e-05,0.000241029889972,0.014786634594202002,0.00023644020257,0.004603305831551,0.0009029930224640001
199,400,1,0.0010982718085870001,0.0009838724751410001,2.4544376723648986e-07,5.25750262265016e-05,4.861727059809103e-05,0.000139638135199,0.014787958934903,0.000236688923905,0.004607443232089,0.000793743878602
200,400,1,0.000815714243799,0.000736036279704,4.6578718126966123e-07,2.659450334855743e-05,2.5341112935469333e-05,0.000143889750082,0.014789545908570002,0.00023698846052800003,0.00461240671575,0.00045866792788700004
201,400,1,0.0010622221743680001,0.0009754433607060001,1.149948377114166e-06,4.118021297472296e-05,3.9335936283653915e-05,9.527681565183838e-05,0.014791546389460002,0.00023736129514800001,0.004618625156581,0.000892113719601
202,400,1,0.001081445603631,0.0009739438489000001,4.2180096215815855e-07,4.0654716334150485e-05,3.708880649355706e-05,0.00017831274211200002,0.014793607406318,0.00023774374858400002,0.004625033121556,0.0007867774111210001
203,400,1,0.000659519515465,0.000584619988027,2.834980904845944e-07,2.7293912808090685e-05,2.6162352545118964e-05,0.000132727724121,0.014795647002756,0.00023812592553400003,0.004631366580724001,0.000405420316383
204,400,1,0.0012687097769230001,0.0011639203633720002,1.399143638503019e-06,3.6625436829732884e-05,4.042895549597839e-05,0.000171180273658,0.014798303134739002,0.00023861913359700003,0.004639561288058001,0.0006965112406760001
205,400,1,0.004425343591719,0.004210780219485,1.05286700121295e-06,0.00012172455656800001,9.507769391348121e-05,0.00016163027127400002,0.014803453348577002,0.00023961882106900002,0.0046552745625370005,0.0021682893857350003
206,400,1,0.000812582089565,0.00072672147265,1.259541915506664e-06,4.250927850080189e-05,4.0376943919303215e-05,8.69790607490965e-05,0.01480852253735,0.000240605397266,0.004670707974582001,0.0005491077317850001
207,400,1,0.000644253683276,0.0005688858703550001,3.5475645413877516e-07,2.305033649463439e-05,2.1042683632307064e-05,0.00015760233145500002,0.014813338406383,0.000241555186221,0.004685347434133001,0.00017812217993100002
208,400,1,0.0008013801998450001,0.0007254888187160001,2.8883302094495633e-07,3.7540642551903154e-05,3.4673783072018224e-05,7.930533077645427e-05,0.014818034134805001,0.00024248409317800002,0.004699591081589001,0.0006133000715630001
209,400,1,0.005494924727827,0.0052273183440160005,8.004930508083893e-07,0.00014431363949000002,0.000122647621234,0.000221557083326,0.014825305901467,0.000243954636971,0.004721567034721001,0.0026499575469640002
210,400,1,0.001280277501791,0.001116871096504,9.097173479707029e-07,8.045588280462351e-05,7.8554590800195e-05,0.00016501833306300002,0.014832491986453,0.00024540832964700004,0.004743218887597001,0.000838002713862
211,400,1,0.001223648898303,0.0011261722926670002,1.168514990249984e-06,4.021606249201189e-05,3.9305072277784354e-05,0.00013950358212800002,0.014839717186987001,0.00024686785764000004,0.004764910321682,0.0008452804759140001
212,400,1,0.0009833110962060001,0.0008943299956930001,3.169875431770682e-07,3.534524845842194e-05,3.4383720958430786e-05,0.000134622955253,0.014846826903522,0.000248300581006,0.004786160308867001,0.001098769600503
213,400,1,0.000849647622089,0.000323633023072,1.066518671303621e-06,0.00033044785474500003,0.000345499969019,8.876511128619315e-05,0.014851717278361001,0.00024930812651200005,0.004800710827112,0.000694993301294
214,400,1,0.0014056576183060002,0.001300909828084,2.915123071526674e-06,4.1364715798408724e-05,3.7822597126554086e-05,0.000164381520638,0.014856831170618002,0.000250365555984,0.004815925378352,0.000961439567618
215,400,1,0.0026122753042720002,0.002320969768334,5.072767513455054e-08,0.00015670967998900002,0.00013192005887200002,0.00024396320623000002,0.014862501062452,0.000251524441409,0.0048327497206620005,0.0016572051681570002
216,400,1,0.005157927051186,0.00334590980007,4.4133451619169734e-07,0.001110917694556,0.000979538099879,0.0007137130014590001,0.014865868724882,0.000252101919613,0.004842788912355,0.003514876123517
217,400,1,0.000826881499961,0.0007390922692130001,2.5818647012935487e-07,3.3891258984416105e-05,2.7990758705224533e-05,0.000143488814501,0.014869489707052002,0.00025273719802400003,0.004853558260947,0.0009049891959870001
218,400,1,0.000623122206889,0.000541531471147,3.341183756333521e-07,3.801637103606481e-05,3.4515816423663643e-05,0.00010322653239800001,0.014873048290610001,0.00025337495026100005,0.004864132963120001,0.000621661602053
219,400,1,0.00044425076339300006,0.00036369284983500005,5.766788267654496e-07,3.0583797827906295e-05,2.773072674244758e-05,0.000131530765429,0.014876408502459,0.000253984355367,0.004874099977314,0.00038876527105400005
220,400,1,0.0008809605496930001,0.0007249298117430001,7.982548216508197e-07,8.401395098189825e-05,7.693485107059436e-05,0.000117406621332,0.014879649505019,0.00025457332958400003,0.004883676301687,0.000851650547701
221,400,1,0.001226238906383,0.00110446587981,7.502323355150035e-08,4.6955587094998925e-05,4.501348576013698e-05,0.00019520107161900003,0.014882966876029002,0.000255184568231,0.004893480334430001,0.000783911324106
222,400,1,0.008140599355101,0.007244875770993001,2.55156355007576e-07,0.000451457725527,0.00037656240359200003,0.000871942434362,0.014889210462570001,0.000256387313129,0.004911934491246,0.006017395295202001
223,400,1,0.00048068660544200005,0.000376823232121,3.504574692669848e-07,4.045452988066245e-05,3.4335862740893695e-05,0.00016553074844200002,0.014894988387823,0.000257505918852,0.004928959999233,0.000564451387617
224,400,1,0.0012156557058910001,0.001109428170214,3.806654020147941e-07,4.558840434280379e-05,4.268306141360276e-05,0.00014071314459800002,0.014900714159011001,0.000258620595559,0.004945752210915,0.001308298204094
225,400,1,0.005429080687463001,0.004986568043629,1.029188612259683e-06,0.000286951516803,0.00020973297311300003,0.000176172417316,0.014908321201801002,0.00026015168987200004,0.004967920016497001,0.007935058325529001
226,400,1,0.003603941295295,0.0029650530583840004,7.416079673324324e-07,0.000414599796689,0.00036527337942900004,0.00015151323289800002,0.014915153384208001,0.00026149823679500004,0.00498791784048,0.0033488166518500003
227,400,1,0.001030842890031,0.000942195125389,4.862504283664748e-07,3.6617217422948066e-05,3.6128720391085764e-05,0.000129956704768,0.014922055415809002,0.000262849032878,0.00500801205635,0.000716148933861
228,400,1,0.0007788961520410001,0.0006618001934830001,9.789165460460936e-07,5.74873168564712e-05,4.740722579299473e-05,0.000132840284398,0.014928552322089,0.000264120026258,0.005026855040341001,0.000643982319161
229,400,1,0.0008641000604250001,0.0007860449137900001,1.7357447272085358e-07,3.399361200232912e-05,3.010538375747273e-05,0.00010940161034000001,0.014935128390789,0.000265404582023,0.0050458526238790005,0.001104137627407
230,400,1,0.007506746333092001,0.0064492054904500004,4.7391809232522064e-07,0.000524555090426,0.00038748286897300003,0.001143404205019,0.014943155460059001,0.00026697554858400003,0.005068990401923001,0.005851932335644
231,400,1,0.0011083805002270002,0.000989879156501,1.974102474378014e-06,4.5867370014699795e-05,4.4743342186848174e-05,0.00017700050375400001,0.014950772747397001,0.00026846909895500003,0.005090861115604001,0.0010911865392690002
232,400,1,0.001145424786955,0.001042084525882,4.5353633352599815e-07,3.68871230117899e-05,3.474370381203092e-05,0.00017337409371900002,0.014958114363253,0.000269914569798,0.005111867561936,0.000971525500062
233,400,1,0.000436898058978,0.00034763369815900004,6.522359422926155e-08,3.7591416306289226e-05,3.1945277745156396e-05,0.000134497678421,0.014964812435209002,0.000271236698608,0.005130966193974001,0.00043044623453100005
234,400,1,0.001032174797728,0.0009052438254000001,8.076879112195456e-07,4.4592861134636535e-05,3.9722194136023375e-05,0.000217461798456,0.014971320517361001,0.000272520323051,0.005149463191628001,0.0009294761111950001
235,400,1,0.0012003353331230002,0.00045348692219700004,9.217985545243814e-07,0.00046392264387800004,0.000439785129856,0.00022669967802300001,0.014975783415138002,0.00027339928783400003,0.005162153858691,0.000745202647522
236,400,1,0.0013470629928630001,0.0012644424568860001,1.6400414661887901e-06,3.0799371264341374e-05,2.8369096677730944e-05,0.000131245103451,0.014980426058173001,0.000274313875706,0.005175348836928001,0.0010411679977550001
237,400,1,0.0009601257042950001,0.000860728371966,3.4128377753480277e-07,4.0220829760073684e-05,3.6275865568313754e-05,0.00015265451050500001,0.014985110610723001,0.000275234051514,0.005188620183616001,0.0009325869032180001
238,400,1,0.0008566246833650001,0.000748884068646,2.1864517307790262e-08,4.4650805345251385e-05,3.5863226306294876e-05,0.00016491486409600002,0.01498952973634,0.000276105129159,0.005201122723519001,0.0008817859925320001
239,400,1,0.000831810350064,0.000705771216113,2.0475961785374839e-07,6.864547503937501e-05,6.262656491647552e-05,9.77096412195048e-05,0.014993666671216,0.000276919919997,0.005212780088186,0.0008181842276820001
240,400,1,0.0008825627155600001,0.00079779336617,3.983081645249816e-07,3.4067004889948294e-05,2.8892632447726403e-05,0.000140053376526,0.014997854828834001,0.00027773733017900004,0.005224549211561001,0.000794200866948
241,400,1,0.0005163754685780001,0.00043406275896500004,7.148836781804374e-08,3.3726826435061724e-05,3.194407690898515e-05,0.000120857803267,0.015001696534454002,0.000278485123999,0.005235320888459001,0.000373993592802
242,400,1,0.000621331331785,0.00053965866391,8.874064055438188e-07,3.414773649031607e-05,2.884863746051754e-05,0.00012639269031400002,0.015005471184849002,0.00027921516448200004,0.005245888605713,0.000705836922861
243,400,1,0.0009870143840080001,0.0008695176899580001,6.479499224572768e-07,5.8077360942358304e-05,5.091526675945109e-05,0.00012637471021,0.015009424649178002,0.00027996985591,0.005256936419755,0.0010331498924640002
244,400,1,0.00132839474827,0.0011889256372030002,3.588789638797607e-07,5.6661273447389256e-05,5.0617391328463185e-05,0.00020930612906000002,0.015013369731605001,0.00028071599081100004,0.005267944186925001,0.001224439358338
245,400,1,0.003880917094647,0.0024056708207350003,1.942925630752749e-06,0.0008192115152870001,0.000890029604003,0.00071454309121,0.015014267526566,0.000280745938653,0.005270611960440001,0.003800193080678
246,400,1,0.000713126675691,0.000265442682575,7.24814924524253e-07,0.000275237832587,0.00025997942429900004,0.000151550949036,0.015014150179922001,0.00028058682801200004,0.005270419176667001,0.0005718650063490001
247,400,1,0.000789121142588,0.000712155577881,5.000202823642516e-07,3.5151589448408536e-05,3.09615722168625e-05,0.00010051935290200001,0.015014279633760001,0.00028049774118600005,0.005270904395729001,0.000524846080224
248,400,1,0.000756513618398,0.000643401697743,2.095409759779916e-07,4.8036404829569314e-05,4.7361308437151216e-05,0.000157545109686,0.015014596283435001,0.00028045655926600005,0.005271893460303,0.0007416452281170001
249,400,1,0.000997967552393,0.0009059377868340001,2.373488925400124e-07,4.3141986376819354e-05,3.860608982601359e-05,0.000114802113481,0.015015317127108001,0.000280504638794,0.005273991730064,0.0012020564172410002
250,400,1,0.0005652635009020001,0.00050297442552,5.02935598944987e-07,2.7790483424420625e-05,2.2049838965661664e-05,8.773262258425046e-05,0.015016213059425002,0.00028059852775100003,0.005276545882225,0.0006456328555940001
251,400,1,0.003282740479335,0.0029350312349070004,3.9248457994744973e-07,0.000204517429665,0.00016942391145300002,0.00021299324725900003,0.015017861500382002,0.000280842970823,0.005281180609017001,0.0028114910237490003
252,400,1,0.000899382284842,0.000349405068845,5.589111964354743e-07,0.00034271144856200004,0.00033554896678300003,0.00014068603377300002,0.015018102712929,0.000280824664514,0.005281910765916001,0.000677985488437
253,400,1,0.000684973958414,0.000598691956838,1.330105376950996e-07,3.5608257652105145e-05,3.2848032181694485e-05,0.000132905509114,0.015018650330603001,0.00028086701058700005,0.005283480510115001,0.00069560657721
254,400,1,0.0011913678608830001,0.0010270388253650002,4.399651487574374e-07,8.125628179792937e-05,7.493186785723083e-05,0.00016637184550400002,0.015019519254565001,0.000280974141787,0.005285913590341001,0.001355937682092
255,400,1,0.005257023498415001,0.0032392093950570004,6.128049786132313e-08,0.001141958903948,0.001016813293972,0.0012482655244330002,0.015017430298030002,0.000280373875284,0.005280315876007,0.0042424770072100005
256,400,1,0.0008808131678960001,0.0008031734178070001,7.111590871744511e-08,3.2075237565247036e-05,2.7377662869791194e-05,0.000122387966257,0.015016076155006,0.000279940344626,0.0052767428569490005,0.000812099257018
257,400,1,0.004133244045078001,0.003873850432379,4.347236549998949e-07,0.000144560700088,0.000148238414415,0.000151876751867,0.015017561614513002,0.000280078325886,0.005280969198793,0.0028491383418440003
258,400,1,0.002293925732374,0.001446876985331,4.5937736577646615e-07,0.00043282850674500003,0.000509908684762,0.0005451899196480001,0.015017682686448002,0.000279888365184,0.005281494464725,0.0023250579833980003
259,400,1,0.000577994505874,0.000509928742152,1.1372140325723489e-07,2.785123100087124e-05,2.719879497211271e-05,0.00010212612445,0.015018167905509002,0.000279795756796,0.005283004604279,0.000474564381875
260,400,1,0.0028473848942660003,0.002612243522889,1.264618390450778e-06,0.00013038838127,0.00010371016014600001,0.000180669111917,0.015019869431853001,0.000279961706837,0.005287844222038001,0.0027035786770280004
261,400,1,0.000989715219475,0.00089967524885,2.31039117200756e-06,3.455014363377511e-05,3.1326575784381326e-05,0.000143964448094,0.015021874569356001,0.00028021185426,0.005293517373502,0.0008273232961070001
262,400,1,0.0007827868103040001,0.0006964620260980001,5.699133545533641e-06,3.560850897580774e-05,3.477783729977091e-05,0.00010695693405600001,0.015024161897599001,0.00028052652487500003,0.005299956072121001,0.0007912866421970001
263,400,1,0.00033714051824,0.000275022830464,1.770963204232127e-07,2.331771202079835e-05,2.527160131648997e-05,9.856959089423374e-05,0.015026279725134001,0.00028082600329,0.005305910948663,0.00025308239855800004
264,400,1,0.004574941005557,0.001679801013475,3.568741391291041e-07,0.001723671792812,0.0017304155141270002,0.0010308588340800001,0.015022945590317001,0.000279927888186,0.005296974442899001,0.003847990883514
265,400,1,0.000965193787124,0.000894869716527,1.123690796707895e-07,2.9950868944676284e-05,2.7311062391769763e-05,9.840770811327577e-05,0.015020516701042002,0.00027924889582200003,0.00529051432386,0.000650778645649
266,400,1,0.0012665762333190001,0.0011923703811280001,4.961088033420917e-06,3.2430275192988724e-05,3.155952708766563e-05,8.279656503873412e-05,0.015018883161246001,0.000278768449788,0.005286235362291,0.000655978452414
267,400,1,0.0009481414454050001,0.000836980121675,2.9983368913614556e-07,5.0739970295884035e-05,4.332777098170481e-05,0.000139990987615,0.015017777681350002,0.00027841658447800004,0.005283390171825,0.000772414961829
268,400,1,0.0009514427511020001,0.000888509666159,5.110165233190855e-07,2.5297058527939956e-05,2.4313471537122194e-05,9.50159816663169e-05,0.015017385594546,0.000278222723864,0.005282499827444,0.000993346679024
269,400,1,0.000833446742035,0.0007591799658250001,5.185059990253649e-07,2.8898004681347324e-05,2.5303006016959742e-05,0.00012220643657200002,0.015017705038189002,0.00027818261878500005,0.0052835713140660006,0.0009223881643260001
270,400,1,0.002085709711536,0.0008174329462530001,8.502436514845613e-07,0.000830574310384,0.000795485451817,0.000143218558757,0.015016192570328001,0.00027779286028800003,0.005279554054141,0.001402058405801
271,400,1,0.001092460704967,0.0010079979256260002,1.1600980087678181e-07,3.9138451029430144e-05,3.351559917064151e-05,0.00010466590780800001,0.015015153214335001,0.00027750470326200004,0.005276833195239,0.000609324837569
272,400,1,0.0024841432459650004,0.0019858758508530003,4.7501212444937363e-07,0.000266476525818,0.00023658894982200003,0.00038893136661400003,0.015013728290796,0.000277099490631,0.0052730641327790005,0.001665371237322
273,400,1,0.0008608155185350001,0.0007399752527510001,2.934829223348127e-07,4.7693317507461565e-05,4.625715443277537e-05,0.000176872393543,0.015012796968221002,0.000276808743365,0.0052706589922300005,0.001393339829519
274,400,1,0.000758530630264,0.00029443680614300004,2.720625159232289e-07,0.000293589083109,0.000298826652093,8.097810981174311e-05,0.015010880306363002,0.00027632579440200003,0.005265529267489,0.000520572939421
275,400,1,0.0008781711221670001,0.000813142891274,1.018133986008251e-06,2.2886230150713043e-05,2.2440092834585815e-05,0.00011212771096300001,0.015009666793048002,0.000275989586953,0.005262325517833,0.00091731280554
276,400,1,0.0005699585308320001,0.000513187939456,3.781429237884974e-07,2.2365582784307964e-05,2.234213025076314e-05,8.47900331185277e-05,0.015008967369794,0.00027576400316300004,0.005260534584522,0.0007736104307690001
277,400,1,0.000870138057507,0.000800489894269,1.128343556662988e-06,2.5231492751724243e-05,2.4933433299641664e-05,0.000114975231554,0.015008753165602,0.000275643833447,0.005260076839476001,0.000573526718653
278,400,1,0.001430321368388,0.0005566674311310001,1.254018381284064e-06,0.0005811115661340001,0.000515460740037,0.00013303443241300002,0.015006810426712001,0.000275162077741,0.005254784133285,0.001086569856852
279,400,1,0.0008000500383780001,0.000733767349932,5.966605272818744e-08,3.209976027089093e-05,2.8766621956795763e-05,7.481438782027303e-05,0.015005333349108,0.000274790247203,0.005250784568488,0.000404280202928
280,400,1,0.0019606749992810003,0.0018878016077600002,6.780987765372023e-07,2.391561398932632e-05,2.335461704205954e-05,0.000132924663679,0.015005115419626002,0.000274675403488,0.005250250454992,0.001240947283804
281,400,1,0.0015419260598710002,0.0011112310166930001,1.448281210514324e-07,0.00018098040163700002,0.000163163128794,0.000572660511049,0.015004634857177,0.00027449714252700003,0.005249006673693,0.0007304485188790001
282,400,1,0.000787284399848,0.0007209882072250001,6.35572503959736e-07,2.5216521256273453e-05,2.4015186075606224e-05,0.00010262473733700001,0.015004417859017,0.00027438197867,0.005248494446277,0.00037768884794700004
283,400,1,0.001106116338633,0.0010371425936070002,6.173988301346375e-07,2.8109661191895913e-05,2.7376368355665662e-05,9.651891620402847e-05,0.015004904009401002,0.000274416961474,0.005249953363090001,0.0009686299599700001
284,400,1,0.000917157914955,0.0008609575015720001,2.4243018141116097e-07,2.2202140523101363e-05,2.042958658421412e-05,8.642695199038523e-05,0.015005974099040002,0.00027456527459400004,0.0052530290558930005,0.000807491305749
285,400,1,0.000790383026469,0.000727239006664,4.544929055327884e-08,2.3362333195109383e-05,2.411193994097023e-05,0.000101901622959,0.015007479116320001,0.00027480116114,0.005257304757833,0.000623223022557
286,400,1,0.0010342977475370002,0.000982816107959,1.502767332794974e-07,1.8418759130630253e-05,1.9132944392670954e-05,8.756847485832017e-05,0.015009467490017001,0.00027513675740900004,0.00526290340349,0.0009334167698390001
287,400,1,0.000743897049687,0.000704295608253,2.353450003766966e-07,1.5878845564050913e-05,1.5242529419386603e-05,5.8880678504162155e-05,0.015011675655841002,0.000275528786005,0.005269111134111,0.000585648987907
288,400,1,0.002337463432922,0.0021305738676640003,4.888385329119652e-07,0.000130499834388,8.922297032161927e-05,0.00011084719153500001,0.015015023760497001,0.000276155100436,0.005278398748487001,0.0015975395217530002
289,400,1,0.00074930867413,0.00029050126371000005,4.876774729230723e-07,0.000291150296106,0.000290579492381,8.429842273471878e-05,0.015016800723969001,0.00027645649970500005,0.005283349659293,0.0006103683845140001
290,400,1,0.0011998404515900002,0.001138625841122,3.8599437838608225e-07,2.6042934526534132e-05,2.5664912755019035e-05,8.461724792141469e-05,0.015019044280052001,0.000276852690149,0.005289589054882001,0.0007596028153780001
291,400,1,0.0007592362817370001,0.000713341093311,1.117203036452944e-06,1.7353818596651152e-05,1.856811650213785e-05,6.837199786483931e-05,0.015021599829196002,0.00027732033049600004,0.005296673160046001,0.0006986712687640001
292,400,1,0.000447428843472,0.00039510901842700004,8.825422289267711e-07,1.9116929555214782e-05,1.841154941454685e-05,8.675239587319085e-05,0.015024088323116,0.000277777813607,0.005303575191646001,0.00028001825558
293,400,1,0.002204568823799,0.002122461912222,2.903406127074959e-06,3.42807731309828e-05,2.860544555005617e-05,0.000113690841923,0.015027005225419,0.00027832560590400004,0.005311660002917,0.0006787540623910001
294,400,1,0.0006255057523950001,0.00057154080423,2.367952210609777e-07,1.9205441882756233e-05,1.6238946348797374e-05,9.676080177693319e-05,0.015029910020530002,0.00027887188480200004,0.0053196856752030005,0.000541710061952
295,400,1,0.003931035753339,0.0032486434405040003,4.4260868274174453e-07,0.000387028620025,0.00034364077509900005,0.000421913605047,0.015032089315354002,0.00027927555493,0.005325710400938001,0.002007661387324
296,400,1,0.0008678603917360001,0.000802815251518,2.555086641227907e-06,2.996752058000614e-05,2.6800547251089782e-05,7.278105840669014e-05,0.015034441836178001,0.00027971129748000003,0.005332184024155,0.0006747067673130001
297,400,1,0.0041895681060850004,0.004016389371827,3.5690824991737214e-07,7.44671876115414e-05,5.889194956883634e-05,0.00024404356130000002,0.015039921738207002,0.00028081578784600004,0.005347172729671001,0.002390662906691
298,400,1,0.00047952856402800004,0.00042390722470900006,2.4416431188001303e-07,2.197386326467191e-05,2.262107818751246e-05,8.224760131270159e-05,0.015045098960399001,0.00028186853160100004,0.005361317191272001,0.00031934614526100003
299,400,1,0.000885029614437,0.0008085964703540001,1.046566495688239e-06,3.4381953507060345e-05,3.0279447855718903e-05,9.912777750287206e-05,0.015050331130623,0.000282923894701,0.005375576671212,0.0009753061458460001
300,400,1,0.0013629238819700001,0.000508894164037,1.5365407080025761e-07,0.000537930119511,0.000498421453812,0.000231784746574,0.015053497627377002,0.000283511239103,0.005384249612689,0.001025776262395
301,400,2,0.008676392026245,0.008235892106313,6.451883175865684e-07,0.00025647249761500003,0.000191812354993,0.00030311299087700005,0.015059540048241001,0.00028472277335800004,0.005400739144533,0.004718292970210001
302,400,2,0.004434342496097,0.004168202169239001,2.9103063260057143e-06,0.00014679380789500002,0.00011960381501300001,0.000200096221912,0.015068357810378002,0.000286521710222,0.005424637813121001,0.00229508196935
303,400,2,0.005100489594042,0.004775926276730001,1.159932348097451e-06,0.00013283348137800002,0.00010229361820700001,0.00047525529225800003,0.015078049153089001,0.00028849320369700004,0.005450804252177001,0.001727079390548
304,400,2,0.001581994118168,0.001471250550821,2.256358953900417e-06,5.2921333917765885e-05,3.9691143380575035e-05,0.000130386508923,0.015087487176060002,0.000290432944893,0.005476200021803,0.000318728911224
305,400,2,0.004928074311465001,0.001954227259072,1.121039758800179e-06,0.0019489115414520002,0.0019502336120540001,0.00017226150278700002,0.015090434812009001,0.00029102724511100004,0.005484451074153,0.0028975950554010004
306,400,2,0.00076395983342,0.0006895236923200001,4.936048109508798e-07,2.6629186019514844e-05,2.6534726354536055e-05,0.000122120473558,0.015093510039150002,0.000291648844722,0.005493015050888001,0.000572402030229
307,400,2,0.0009384240256620001,0.0008722701750230001,7.717218769206132e-07,2.6937811071547916e-05,2.2313171636293802e-05,0.000101706724308,0.015096809715032002,0.00029232524684600004,0.0055021569132800005,0.0007641956326550001
308,400,2,0.000752551364712,0.0007069833445710001,1.196288479832219e-06,1.848972442530794e-05,1.7722979767616682e-05,6.61326845753744e-05,0.0151003357023,0.00029304294730500004,0.0055118547752490005,0.0005863335682070001
309,400,2,0.000663073617033,0.0005771014499860001,7.085985297787071e-07,3.678784681445298e-05,2.801824969841012e-05,0.000121765941003,0.015103760175406001,0.000293743156362,0.005521248560398,0.000772564904764
310,400,2,0.0006045940681360001,0.00047952040525400005,7.712766508423858e-07,7.010793585019807e-05,4.859767068410293e-05,0.00010886222783700001,0.015106841921806,0.00029438539058900003,0.005529697984457,0.000412823457736
311,400,2,0.00037832418456600005,0.000326491654656,3.103040739915741e-07,1.8556558037137922e-05,1.563485451091158e-05,9.343548663309777e-05,0.015109869651496001,0.00029501778772100004,0.005537968594580001,0.000545289833098
312,400,2,0.000680633762385,0.0006211838820790001,3.838571548916055e-06,1.9759090719162483e-05,1.8804584063521663e-05,9.855146648381681e-05,0.015112857334315001,0.00029564416036000004,0.005546099040657001,0.000386843574233
313,400,2,0.0019296369282520002,0.0017957430439610002,1.734019510498304e-06,6.201926316862227e-05,7.095745271120299e-05,0.000126998835185,0.015116330236196001,0.00029637300758600003,0.005555449519306001,0.0011358724441370002
314,400,2,0.004661684390157001,0.004376315472957,1.4932838989049442e-06,0.000118738427772,0.000106951475269,0.000385774971315,0.01512236893177,0.000297643244266,0.005571514368057,0.0034447424113750002
315,400,2,0.00107585825026,0.00100826525401,6.339708420455281e-07,2.7024028137626985e-05,2.9485559631818134e-05,9.511060610141915e-05,0.015128586441278001,0.000298949511488,0.005588002968579001,0.001455485122278
316,400,2,0.0009294325136570001,0.000825423824911,5.153825810566559e-07,5.106659955345095e-05,4.379044852006094e-05,0.00011145139918200001,0.015134599991142,0.00030020889244000004,0.0056038945913310005,0.001229655230417
317,400,2,0.0024892846122380003,0.0023297700487690002,2.401741151440243e-06,3.9487193134846166e-05,3.5043287274068774e-05,0.000346144884436,0.015141124837100001,0.00030158477602500004,0.005621103104203,0.001729487325064
318,400,2,0.0011752950958900002,0.00110858787472,1.29421609547838e-06,2.2334358921701394e-05,2.3460338828347933e-05,0.000124129892355,0.015147588215768,0.00030294028692800005,0.005638107657432,0.001619171351194
319,400,2,0.001293103909119,0.0012259020659250001,7.288264498583885e-07,2.5961970550270056e-05,2.3197389661315054e-05,0.000106094582103,0.015153823420405001,0.000304239190882,0.005654452834278001,0.0008399417856700001
320,400,2,0.0038919115904710003,0.003150296746753,1.794989733146697e-06,0.00040720386277800006,0.00041759471605400003,0.00042386947461600004,0.015159681439399001,0.000305410445434,0.0056697558611630006,0.002715766895562
321,400,2,0.0009915371192610002,0.0008936425535160001,1.058029283740325e-06,3.3069808826743006e-05,3.0596546518305935e-05,0.000170356670423,0.015165463089942,0.000306562054902,0.005684841424226,0.00082130957162
322,400,2,0.001121180364862,0.00043864651524900004,1.490272078778313e-06,0.000446001295737,0.00041440778780500005,0.00010392937838300001,0.015169536694884002,0.000307380279991,0.005695478059351,0.0008501381380480001
323,400,2,0.0007270375499500001,0.000645317947297,6.391647578614842e-07,2.5946852171424933e-05,2.290531953500855e-05,0.00015720719723800002,0.015173541381955001,0.000308183807646,0.005705913063138001,0.0010264572920270002
324,400,2,0.0012720278464250002,0.001207071482591,9.046834369049369e-07,2.8781644990279652e-05,2.558515855829076e-05,8.396925901858293e-05,0.015177897177636,0.00030904664890800003,0.0057172165252260005,0.001050442224368
325,400,2,0.0017376170726490002,0.001404660909126,2.145726388865417e-06,0.00017386266093400002,0.00019985946225100002,0.00020382179476000002,0.015181751921772001,0.00030976714333500003,0.005727224517613001,0.0015156778972590002
326,400,2,0.0012761701364070001,0.0005004383031820001,3.372158838980491e-06,0.000511268682506,0.00048403626108900005,7.371710125880782e-05,0.015183509327471001,0.00031005279743100004,0.005731794517487,0.00102445599623
327,400,2,0.005055983550846001,0.004023690232619,8.994042784612096e-07,0.0005982673465040001,0.000524055186057,0.0005835703171510001,0.015185665339231002,0.000310338306007,0.005737416446208001,0.0033700908534220002
328,400,2,0.0006167910760260001,0.0005626226387290001,2.3897357929551305e-07,1.9555896566695693e-05,1.9505290007752293e-05,9.428324119653554e-05,0.015187929384410001,0.00031066700466900004,0.005743301473557,0.0005419645458450001
329,400,2,0.0012736585922530001,0.001207322386714,9.70819693672335e-07,2.580428372311871e-05,2.4167371520888995e-05,0.000100335656801,0.015190531499683002,0.00031107425456800003,0.005750055424869001,0.001047237077727
330,400,2,0.0043610595166680005,0.004116097503962001,3.488322685522386e-07,0.00014467359869700002,0.000100873220617,0.00017373714945200002,0.015195696614682001,0.00031201250385400005,0.0057633509859440005,0.00331967882812
331,400,2,0.001978264655917,0.000759771695205,3.965334409864833e-06,0.000784888194175,0.0007868648584310001,0.000134673349142,0.015198291279375001,0.000312439136905,0.005770035088062,0.0013594166375690002
332,400,2,0.0008083162247200001,0.000730595483522,6.669075389709178e-07,3.2059234702804445e-05,2.8014129990575995e-05,0.000117461146752,0.015201203525066001,0.00031293238862400004,0.00577752944082,0.0009285769192500001
333,400,2,0.0017209148500110002,0.0013756787326800002,6.822894818014902e-07,0.000176231287089,0.00015906979448700002,0.000305770816339,0.015203671529889001,0.000313308119075,0.005783913191407,0.0013647996820500001
334,400,2,0.0010522849624970002,0.000993779996254,1.420871238148417e-06,2.154975421338652e-05,1.9175760219998964e-05,9.918343918495037e-05,0.015206540003418001,0.00031377564300700005,0.005791336297988001,0.0009672512533140001
335,400,2,0.0017180906143030002,0.0016467339398020002,1.089897172808681e-06,2.7445659422179844e-05,2.370182437516632e-05,0.00011229400115500001,0.015209799632430002,0.000314345554215,0.005799743346869,0.0009322424884880001
336,400,2,0.00038869463605800003,0.000329060062843,5.008416792406933e-07,2.305790864435645e-05,2.1766808458778545e-05,9.070206093989935e-05,0.015212882310152002,0.000314891454763,0.005807680543512,0.000222964648855
337,400,2,0.001105281291529,0.001025321427732,8.145522230051938e-07,3.4281688082652785e-05,3.2983214320362705e-05,0.00010484809657400001,0.015216096304357002,0.000315471756039,0.00581593485549,0.0006973444251340001
338,400,2,0.0012192596914240002,0.0011447594927930002,2.615666166623972e-06,2.696615896032502e-05,2.2305534306118112e-05,0.000123945046046,0.015219434164464002,0.00031608960125500003,0.005824513733386,0.000558340747375
339,400,2,0.0007421745685860001,0.0006858168684020001,1.013366518994492e-06,2.233993260839876e-05,2.04452229202919e-05,8.66447565689062e-05,0.015222856774926002,0.00031673107878300004,0.005833292845636001,0.000628953741397
340,400,2,0.005068570841103,0.00410889237537,5.71603654483018e-07,0.0005210090118140001,0.000473997347095,0.000680162309436,0.015226584859192002,0.000317355501465,0.005842859856784,0.0027597791049620004
341,400,2,0.001626767101697,0.0015347077666470002,4.467058213701118e-07,4.435637538335869e-05,3.9183014450827613e-05,0.00010082916439,0.015230691060423001,0.000318065838655,0.005853347014635001,0.001690539298579
342,400,2,0.000527222990058,0.00047542868802900005,6.321377838958142e-07,2.182774824177613e-05,2.0329005261980154e-05,7.159816595958546e-05,0.015234651044011002,0.00031875821878200004,0.005863435566425001,0.000609065056778
343,400,2,0.004732199478894,0.0018688044025710001,1.243345574645597e-06,0.001871268138832,0.0019130310198910002,0.00012406133949600001,0.01523441914469,0.00031856235000300004,0.005863049067556,0.0026776762679210004
344,400,2,0.0008869554148980001,0.0008208505848110001,7.791879473491766e-07,2.9939113270908514e-05,2.6730430666551303e-05,8.452028365960967e-05,0.015234784223139002,0.000318499747663,0.005864141043275001,0.0008689508540550001
345,400,2,0.004810176789760001,0.0018694604514160002,3.826039626157278e-06,0.00186855190744,0.0019160705851390002,0.00037756141682600004,0.015231149271130002,0.00031759179546400005,0.005855174735188,0.00264205224812
346,400,2,0.0007463708170680001,0.000692994760659,9.395756137564604e-07,1.5338822019354364e-05,1.5464379127176173e-05,0.000109061083397,0.015228365547955001,0.00031688285525800005,0.005848333239555001,0.000648313201963
347,400,2,0.0034873473923650003,0.0032989650111020005,6.41027403010715e-07,8.651113148516744e-05,8.216702553909272e-05,0.000210029402296,0.015226819552481001,0.00031644065165800005,0.005844608414918,0.0025637252256270004
348,400,2,0.000323255197145,0.000273864502863,4.2130236839928626e-07,1.7570256810965173e-05,1.442481516278348e-05,9.117243340976226e-05,0.015225658193230001,0.00031609510187900004,0.005841829814016,0.00042431912152000005
349,400,2,0.001647811965085,0.001408593282879,7.509198146256798e-07,0.00011429854930600001,0.00013285175191400002,0.00020660013008900002,0.015224654227495001,0.000315769575536,0.005839458666741001,0.000924252206459
350,400,2,0.000800286186859,0.000743083689788,5.594034107048174e-07,2.0146250183946293e-05,1.9447501017566534e-05,9.85043097898597e-05,0.015224201604723,0.00031556177418600004,0.005838479381054001,0.000388656393624
351,400,2,0.004003000445663,0.0038279510724040003,1.6929391790654331e-06,6.246607942254438e-05,4.7088089862275716e-05,0.000298654017872,0.015226079151034001,0.000315842829877,0.0058433702215550005,0.003042362630367
352,400,2,0.0015005341265350001,0.0012577771073360002,1.059142836841905e-06,0.00013493916837100002,0.000127269224928,0.000152548613793,0.015227746218442001,0.000316057907184,0.005847737658768001,0.000861311506014
353,400,2,0.0011888875160360002,0.001124594156863,1.816061702205236e-06,2.4101522891821034e-05,2.4050274987530432e-05,0.00010026199561200001,0.015229952521622,0.000316394056426,0.005853470414876,0.0009412046056240001
354,400,2,0.0011639798758550002,0.001102696582771,8.55158418744395e-07,2.2463388935041923e-05,2.164496284725222e-05,0.00010093410674000001,0.015232664532959002,0.00031683893757800005,0.005860478617250001,0.000983322737738
355,400,2,0.0009698162903070001,0.000915757981905,2.437697579201388e-06,2.3403990174604893e-05,2.2186642127053343e-05,6.47419668287815e-05,0.015235686674714002,0.000317350757541,0.005868244450539,0.000776942586526
356,400,2,0.000646881700959,0.0005986828497640001,5.602946089311445e-07,2.31935179423696e-05,2.1236422677854232e-05,5.3487105712216966e-05,0.015238889493048002,0.000317908736178,0.005876442417502001,0.000552593264728
357,400,2,0.0007515086908820001,0.0007045777359350001,4.501465203550954e-07,1.988504679199347e-05,2.01484059895544e-05,6.723488271139406e-05,0.015242251567542001,0.000318512466037,0.0058850343339140005,0.000735328474547
358,400,2,0.001504836836829,0.001414606211862,5.826856117607804e-07,4.490224334100882e-05,4.4599094204992675e-05,8.26442968294335e-05,0.015246029011905,0.00031920368201,0.005894666071981001,0.0008555033709850001
359,400,2,0.000696494535077,0.00063869652998,1.036711045306522e-06,2.3436908425840862e-05,2.128810713960168e-05,8.845430056680927e-05,0.015249934978783,0.00031992446747600004,0.005904618650674,0.000624025124125
360,400,2,0.001031524850986,0.0009680990672980001,8.776274474560827e-07,2.7845194836118022e-05,2.6780345251609102e-05,7.730641361073746e-05,0.015254124067723002,0.00032070928136800005,0.005915256217122001,0.0009177903411900001
361,400,2,0.0009935856796800002,0.000944195198826,8.082102359215545e-07,2.1089665096951652e-05,2.356290588068077e-05,6.243991992960218e-05,0.015258394181728,0.000321514584356,0.0059260642156000005,0.0007084843236950001
362,400,2,0.0008701381157150001,0.0008063394731530001,9.059846964494985e-07,2.5684509637358136e-05,2.484752212694729e-05,9.456348440532264e-05,0.015262689441442,0.00032233196543500004,0.00593691971153,0.0006547424709420001
363,400,2,0.0006177296163510001,0.00024020368437000002,2.354347060418149e-06,0.00024359145148300003,0.000229366133377,6.585611481568776e-05,0.015265655703842002,0.00032287358772000005,0.005944421514868001,0.000473514664918
364,400,2,0.0005417314241640001,0.0004965381619210001,5.326715211140254e-07,1.9919401590110894e-05,1.9063122029668492e-05,6.0810166663335024e-05,0.015268590301275002,0.00032341666519600004,0.005951841827481001,0.000339247955707
365,400,2,0.0009358069510190001,0.00036237121700300005,4.764250566798485e-06,0.000370289108104,0.00034910735121200005,9.580419221795941e-05,0.015270046889781001,0.000323647196637,0.005955497734248001,0.000531460740603
366,400,2,0.0006617269827980001,0.000258099006411,1.903774133893421e-06,0.00026701576522700004,0.00023463645629800002,6.761136622420356e-05,0.015270539559423,0.000323680695146,0.005956749431788,0.0005544999148690001
367,400,2,0.001183026819489,0.000460432611968,7.738489766021909e-07,0.00045513921698600004,0.000463353298982,0.000125924724973,0.015269312076270001,0.00032336125150300005,0.005953672807663001,0.000863199064042
368,400,2,0.0006864902097730001,0.00026197658856500004,2.967526180934025e-06,0.00026620166924300003,0.000269810319878,8.269193858723156e-05,0.015267178416252001,0.00032285822089700005,0.005948331672698001,0.0005458975792860001
369,400,2,0.0006694339099340001,0.000626173627097,1.084572526603248e-06,1.797163243584994e-05,1.795119002660309e-05,6.118917129545783e-05,0.015265650115907001,0.000322484411299,0.005944520700722,0.000518466345965
370,400,2,0.000843323301523,0.00032901275577900004,8.609567506330981e-07,0.00033211451227500003,0.000322687174654,7.743081126439696e-05,0.015263313427567001,0.00032194872619500004,0.0059386733919380005,0.000694403715897
371,400,2,0.000680679106153,0.000266992001949,1.140264117793776e-06,0.000269190519854,0.00023796974649700002,9.023447334281326e-05,0.015260355547070002,0.000321283150697,0.005931270308792,0.0005687525263050001
372,400,2,0.0016221952391780002,0.0015644853119730002,4.677191422312414e-07,2.2804527058421318e-05,2.283757506423474e-05,8.520990013494158e-05,0.015258532017469002,0.00032086428836900003,0.005926705431193001,0.0009913207031780002
373,400,2,0.0008968081674530001,0.000844435717832,4.082999206881747e-07,2.0177991549038172e-05,2.0765998063628402e-05,8.05270404574306e-05,0.015257528983056,0.000320619728881,0.0059242090210310005,0.0009678892674850001
374,400,2,0.004482885822653,0.004325937169293,6.476209601184261e-07,8.942200535481487e-05,6.398791083483957e-05,0.000126437937675,0.01525894831866,0.00032087668660000005,0.005927856545895001,0.0008341739885500001
375,400,2,0.0011060610413550001,0.0010409193831340002,1.27685232106008e-06,2.6018422280079293e-05,2.3691792345440873e-05,0.000100067624468,0.01526094879955,0.000321244762744,0.005932951811701,0.0011842518579210002
376,400,2,0.0016865957295520001,0.00159924449205,1.7595699735769197e-06,3.9266918823462525e-05,4.2752212417932846e-05,9.693706427545598e-05,0.015263540670275001,0.00032173647196000004,0.005939550232142,0.0006595961749550001
377,400,2,0.00172066851519,0.0016161510672340002,1.081356477546554e-06,4.8727650209912106e-05,4.2644707112534284e-05,0.000122504707784,0.015267043374478002,0.00032240149448600004,0.0059483922086650005,0.001978503307327
378,400,2,0.0011687872465690002,0.001109088382994,5.685681685463351e-07,2.48279557126807e-05,2.85175841175563e-05,7.5095079713113e-05,0.015270723029971001,0.000323116866638,0.005957655142992,0.000873071374371
379,400,2,0.000800650101155,0.00030629964991600003,1.804482603044258e-06,0.000325672704396,0.00029833107449400004,6.705427100920741e-05,0.01527308858931,0.00032355083385400004,0.005963593721389,0.0004958657082170001
380,400,2,0.0031436018180100002,0.00298807027381,1.0741180176410121e-06,7.706833942696296e-05,7.327666389755905e-05,0.000146725154384,0.015276317484676002,0.000324170599924,0.005971642211079001,0.002908826107159
381,400,2,0.000573209254071,0.000529930752236,3.47773526717295e-07,1.7690817306477882e-05,1.430390390548078e-05,7.277655822690576e-05,0.015279622748494,0.00032481073867500005,0.005979863461107001,0.00047812328557400005
382,400,2,0.0008305794908660001,0.00032232149048100003,1.987052011524307e-06,0.00033531870819,0.00030749407233,6.763458683659944e-05,0.015281678177416002,0.00032519156229600003,0.005984907504171,0.000671154353767
383,400,2,0.0007633106433780001,0.000298565418537,2.021013770558966e-06,0.000295980741308,0.000300275579017,6.802888310630806e-05,0.015282550826668,0.00032533114426700003,0.005987037438899,0.000595220830291
384,400,2,0.000409451662562,0.000349391290607,4.180932838456404e-07,2.4309926326774683e-05,2.4682656354949963e-05,9.046398008649704e-05,0.015283416025340002,0.00032547448063200004,0.005989153403788,0.000261990819126
385,400,2,0.00087863340741,0.0008213691762640001,9.672971093740064e-07,2.4209937995086264e-05,2.114162801566029e-05,8.013602321928677e-05,0.015284621156752002,0.000325689237797,0.005992118269205001,0.000486564735183
386,400,2,0.0033286947291340002,0.002561962309603,6.142317753680496e-07,0.00043870552447800005,0.000462175053447,0.00033465163930100004,0.015285314992070002,0.000325714208884,0.005993803031742,0.002476947382092
387,400,2,0.001711181714199,0.001445625675842,3.26791180782493e-07,0.000134443405841,0.00013226998756400002,0.00022353514820300002,0.015285967849195002,0.00032569721224700004,0.005995401646941001,0.001018530223518
388,400,2,0.001400172594003,0.0013306533849870002,4.199633877988162e-06,3.0536848498741165e-05,3.099539662798634e-05,7.60598140914226e-05,0.015286998823285,0.000325780623825,0.00599795486778,0.000577495316974
389,400,2,0.0006449472857630001,0.000254839442883,1.162469952002235e-06,0.000258800197722,0.00022708557056200002,6.705085009646913e-05,0.015287091955542,0.000325671309838,0.005998167674988001,0.000606402987614
390,400,2,0.000857429113239,0.000779025227529,6.272107574053127e-07,3.341663462682239e-05,3.129188038049809e-05,0.00010609827343900001,0.015287627466022002,0.00032565885339800004,0.0059994878247380005,0.0005256969016040001
391,400,2,0.0007477217586710001,0.0006236965030740001,8.587436279109775e-07,7.189794511456664e-05,4.1746778758048705e-05,0.000112046778061,0.015288190916180002,0.00032566167647,0.006000884342938001,0.0007038897601880001
392,400,2,0.001642742776311,0.0014801864648080001,1.273118729253989e-06,9.345113964324508e-05,8.290480218420272e-05,9.710832091514023e-05,0.015289176255464,0.00032576121157,0.006003353744745,0.001972716301679
393,400,2,0.0010227570310230001,0.0009609597085120001,7.042191706811233e-07,2.2640534249755245e-05,2.0432779213782244e-05,0.000110038130515,0.015290799550712001,0.000325995933962,0.006007437128573,0.0008604158647350001
394,400,2,0.0010679763508960002,0.001009519207097,1.331391298246368e-06,2.2095304151055942e-05,2.1547759236758182e-05,9.111969666264487e-05,0.015292977914214,0.000326363777276,0.006012902595102,0.0009719503577790001
395,400,2,0.001047418336383,0.0009762373617070001,5.533750121837026e-07,3.071690995663326e-05,2.9381930896003425e-05,9.412190532505822e-05,0.015295566990971001,0.00032681765151200003,0.006019386928528001,0.0008128352346830001
396,400,2,0.0016256767557930002,0.001567373799237,3.3932828576629004e-07,2.2365304175764326e-05,2.1957168883091075e-05,9.373572053542983e-05,0.015298550017178001,0.000327359390212,0.006026821676641,0.001087611773982
397,400,2,0.001051523024216,0.0009976892906700002,1.532462723237889e-06,2.640320932793353e-05,2.6571231349710914e-05,4.7635405887073525e-05,0.015301455743610002,0.00032789786928300003,0.006034059915691,0.00022574505419400002
398,400,2,0.001238287077285,0.001171722401826,6.01441162946988e-07,3.0881089969625464e-05,2.9348930183914493e-05,7.77523224921121e-05,0.015304613858461002,0.00032849385752300005,0.006041932851076,0.0006456496776080001
399,400,2,0.0013086326653130001,0.0012585260362050002,7.79656687655006e-07,2.175871122744865e-05,2.2817531013667274e-05,5.89397398774357e-05,0.015308222733438001,0.00032917872886100005,0.006050891242921,0.0008122737635850001
400,400,2,0.00210449215956,0.0008378506754520001,5.000690980712837e-06,0.0008549441263310001,0.0007789831821960001,6.805138885586834e-05,0.015309827402234001,0.000329447560943,0.006054863333702001,0.0012216228060420002
